City_ID,City,Country,Date,Lat,Lng,Max Temp,Humidity,Cloudiness,Wind Speed
0,Albany,US,2022-05-07 04:10:49,42.6001,-73.9662,51.39,43,100,5.99
1,Busselton,AU,2022-05-07 04:14:52,-33.65,115.3333,66.67,50,1,9.15
2,Ilulissat,GL,2022-05-07 04:12:44,69.2167,-51.1,3.99,83,11,7.05
3,Punta Arenas,CL,2022-05-07 04:14:53,-53.15,-70.9167,46.51,81,100,5.75
4,Hilo,US,2022-05-07 04:14:53,19.7297,-155.09,82.27,85,100,4.61
5,Sitka,US,2022-05-07 04:13:08,57.0531,-135.33,46.29,66,40,5.75
6,Vaini,TO,2022-05-07 04:10:28,-21.2,-175.2,75.36,88,75,9.22
7,Saint-Georges,GD,2022-05-07 04:11:37,12.0564,-61.7485,78.73,78,100,12.26
8,Oranjestad,AW,2022-05-07 04:10:00,12.524,-70.027,79.66,87,100,19.73
9,Nanortalik,GL,2022-05-07 04:14:53,60.1432,-45.2371,34.59,98,100,3.4
10,Kruisfontein,ZA,2022-05-07 04:14:54,-34.0033,24.7314,56.82,94,91,7.72
11,Ponoka,CA,2022-05-07 04:09:54,52.6768,-113.5815,44.76,82,72,7.67
12,Faanui,PF,2022-05-07 04:14:54,-16.4833,-151.75,81.86,71,8,0.16
13,Kapaa,US,2022-05-07 04:14:55,22.0752,-159.319,78.78,80,100,17.27
14,Castro,BR,2022-05-07 04:14:55,-24.7911,-50.0119,50.59,99,13,5.12
15,Salalah,OM,2022-05-07 04:12:40,17.0151,54.0924,84.29,79,20,3.44
16,Hay River,CA,2022-05-07 04:14:56,60.8156,-115.7999,38.41,94,100,18.57
17,Hermanus,ZA,2022-05-07 04:14:56,-34.4187,19.2345,53.8,91,100,12.95
18,Mar Del Plata,AR,2022-05-07 04:14:56,-38.0023,-57.5575,58.87,91,97,5.99
19,Abadan,IR,2022-05-07 04:14:57,30.3392,48.3043,81.81,15,1,12.75
20,Carnarvon,AU,2022-05-07 04:14:57,-24.8667,113.6333,89.67,18,68,9.22
21,Longyearbyen,SJ,2022-05-07 04:14:57,78.2186,15.6401,19.24,79,75,8.05
22,Ushuaia,AR,2022-05-07 04:10:39,-54.8,-68.3,42.46,81,40,8.05
23,Arraial Do Cabo,BR,2022-05-07 04:14:58,-22.9661,-42.0278,71.73,78,7,18.54
24,Chimbote,PE,2022-05-07 04:14:54,-9.0853,-78.5783,63.99,89,38,5.86
25,Srednekolymsk,RU,2022-05-07 04:12:22,67.45,153.6833,30.36,86,100,5.39
26,Provideniya,RU,2022-05-07 04:14:58,64.3833,-173.3,31.26,88,69,10.02
27,Jamestown,US,2022-05-07 04:14:59,42.097,-79.2353,51.39,91,100,12.66
28,Mataura,NZ,2022-05-07 04:14:59,-46.1927,168.8643,60.48,77,98,2.51
29,Jardim,BR,2022-05-07 04:15:00,-21.4803,-56.1381,60.48,88,4,4.16
30,Butaritari,KI,2022-05-07 04:15:00,3.0707,172.7902,81.66,71,100,11.14
31,Sao Filipe,CV,2022-05-07 04:15:00,14.8961,-24.4956,73.56,77,42,6.35
32,Saint George,US,2022-05-07 04:15:01,37.1041,-113.5841,83.62,16,0,8.05
33,Guaruja,BR,2022-05-07 04:15:01,-23.9931,-46.2564,69.89,26,9,1.01
34,Avarua,CK,2022-05-07 04:14:18,-21.2078,-159.775,84.25,79,20,6.91
35,Sao Joao Da Barra,BR,2022-05-07 04:15:02,-21.6403,-41.0511,67.62,80,4,8.97
36,Takaka,NZ,2022-05-07 04:15:03,-40.85,172.8,63.55,67,37,3.29
37,Whitehorse,CA,2022-05-07 04:15:03,60.7161,-135.0538,42.03,57,100,4.0
38,Thompson,CA,2022-05-07 04:12:17,55.7435,-97.8558,49.77,91,100,9.42
39,Puerto Ayora,EC,2022-05-07 04:15:04,-0.7393,-90.3518,72.25,92,69,6.44
40,Rikitea,PF,2022-05-07 04:15:04,-23.1203,-134.9692,77.47,84,99,12.59
41,Olafsvik,IS,2022-05-07 04:10:16,64.8945,-23.7142,40.01,76,100,16.84
42,Palafrugell,ES,2022-05-07 04:15:05,41.9174,3.1631,64.42,17,52,11.54
43,Calama,CL,2022-05-07 04:15:05,-22.4667,-68.9333,43.29,31,0,17.27
44,Alexandria,EG,2022-05-07 04:15:01,31.2156,29.9553,63.27,60,44,1.48
45,Coffs Harbour,AU,2022-05-07 04:16:06,-30.3,153.1333,69.13,73,100,8.05
46,Ribeira Grande,PT,2022-05-07 04:16:06,38.5167,-28.7,60.64,68,71,4.07
47,Los Llanos De Aridane,ES,2022-05-07 04:16:06,28.6585,-17.9182,60.55,55,0,9.22
48,Tuktoyaktuk,CA,2022-05-07 04:16:07,69.4541,-133.0374,28.4,86,100,2.3
49,Ponta Do Sol,PT,2022-05-07 04:16:07,32.6667,-17.1,68.63,50,89,4.99
50,Bubaque,GW,2022-05-07 04:16:08,11.2833,-15.8333,77.22,74,73,13.62
51,Sebinkarahisar,TR,2022-05-07 04:16:08,40.2883,38.4236,38.91,93,100,2.62
52,Itoman,JP,2022-05-07 04:16:08,26.1247,127.6694,84.22,74,75,11.5
53,Erenhot,CN,2022-05-07 04:16:09,43.6475,111.9767,50.88,10,100,19.73
54,Svetlaya,RU,2022-05-07 04:16:09,46.5389,138.3297,46.38,71,100,9.46
55,Ostrovnoy,RU,2022-05-07 04:16:10,68.0531,39.5131,37.69,88,83,22.95
56,Bredasdorp,ZA,2022-05-07 04:16:10,-34.5322,20.0403,55.87,94,100,6.98
57,Cape Town,ZA,2022-05-07 04:11:17,-33.9258,18.4232,57.9,84,85,10.0
58,Chuy,UY,2022-05-07 04:16:11,-33.6971,-53.4616,55.92,89,0,4.0
59,Zhezkazgan,KZ,2022-05-07 04:16:11,47.8043,67.7144,51.78,50,75,17.9
60,Borogontsy,RU,2022-05-07 04:16:12,62.6683,131.1683,39.85,71,88,10.54
61,Vardo,NO,2022-05-07 04:16:12,70.3705,31.1107,40.8,92,100,20.07
62,Udachnyy,RU,2022-05-07 04:16:12,66.4167,112.4,32.45,54,100,9.24
63,Yarada,IN,2022-05-07 04:16:13,17.65,83.2667,91.72,62,20,6.91
64,Andenes,NO,2022-05-07 04:16:13,69.3143,16.1194,39.18,87,93,17.27
65,Hibbing,US,2022-05-07 04:16:14,47.4272,-92.9377,52.95,32,0,3.44
66,Los Andes,CL,2022-05-07 04:13:20,-32.8337,-70.5983,60.48,45,0,0.94
67,Vilkaviskis,LT,2022-05-07 04:16:14,54.6517,23.0322,43.11,89,3,5.79
68,Bac Lieu,VN,2022-05-07 04:16:14,9.285,105.7244,86.97,69,80,16.35
69,Ahipara,NZ,2022-05-07 04:16:15,-35.1667,173.1667,66.07,64,18,2.48
70,Bengkulu,ID,2022-05-07 04:16:15,-3.8004,102.2655,82.72,73,87,9.95
71,Port Blair,IN,2022-05-07 04:11:25,11.6667,92.75,84.24,84,100,12.66
72,Chokurdakh,RU,2022-05-07 04:16:16,70.6333,147.9167,28.02,85,99,5.66
73,Kahului,US,2022-05-07 04:16:16,20.8947,-156.47,78.82,69,40,16.11
74,Novo Aripuana,BR,2022-05-07 04:16:17,-5.1206,-60.3797,73.11,98,94,1.79
75,Mariakani,KE,2022-05-07 04:16:17,-3.8633,39.4736,74.01,85,92,7.87
76,Lenine,UA,2022-05-07 04:16:18,45.2986,35.7771,50.79,63,100,18.84
77,Yelnya,RU,2022-05-07 04:16:18,54.5786,33.1837,46.96,76,100,8.19
78,Barcelos,PT,2022-05-07 04:16:18,41.5388,-8.6151,62.69,69,7,4.52
79,Richards Bay,ZA,2022-05-07 04:16:19,-28.783,32.0377,62.24,67,0,3.8
80,Vila Franca Do Campo,PT,2022-05-07 04:16:19,37.7167,-25.4333,64.2,93,100,6.02
81,Atuona,PF,2022-05-07 04:15:21,-9.8,-139.0333,79.03,73,28,14.7
82,Pueblo,US,2022-05-07 04:16:20,38.2545,-104.6091,71.49,31,0,10.36
83,Boa Vista,BR,2022-05-07 04:16:20,2.8197,-60.6733,76.98,88,75,3.44
84,Lavrentiya,RU,2022-05-07 04:12:23,65.5833,-171.0,27.21,85,43,4.61
85,Siaya,KE,2022-05-07 04:16:21,0.0612,34.2882,63.81,91,99,3.06
86,Monrovia,LR,2022-05-07 04:16:21,6.3005,-10.7969,77.7,86,88,6.82
87,Mahebourg,MU,2022-05-07 04:16:21,-20.4081,57.7,79.25,83,40,11.5
88,Dikson,RU,2022-05-07 04:16:22,73.5069,80.5464,18.73,88,98,11.81
89,Yellowknife,CA,2022-05-07 04:17:22,62.456,-114.3525,46.56,61,75,18.01
90,Leme,BR,2022-05-07 04:15:35,-22.1856,-47.3903,53.31,97,1,4.18
91,Libreville,GA,2022-05-07 04:13:03,0.3925,9.4537,77.56,88,100,2.06
92,Skjervoy,NO,2022-05-07 04:17:23,70.0311,20.9714,44.6,87,98,20.45
93,Tiarei,PF,2022-05-07 04:17:23,-17.5333,-149.3333,78.82,79,16,6.58
94,New Norfolk,AU,2022-05-07 04:17:23,-42.7826,147.0587,53.1,81,100,8.99
95,Hambantota,LK,2022-05-07 04:17:24,6.1241,81.1185,87.06,69,17,13.06
96,Cidreira,BR,2022-05-07 04:17:24,-30.1811,-50.2056,60.82,72,85,1.32
97,Alacranes,CU,2022-05-07 04:17:24,22.7675,-81.5675,72.09,85,18,3.6
98,Barcelona,ES,2022-05-07 04:17:25,41.3888,2.159,62.55,63,20,8.05
99,Hasaki,JP,2022-05-07 04:17:25,35.7333,140.8333,70.2,80,44,13.85
100,Port Alfred,ZA,2022-05-07 04:17:26,-33.5906,26.891,61.18,88,86,1.01
101,Poum,NC,2022-05-07 04:17:26,-20.2333,164.0167,79.3,68,7,17.11
102,Karratha,AU,2022-05-07 04:17:26,-20.7377,116.8463,83.91,40,0,19.75
103,Baoqing,CN,2022-05-07 04:12:40,46.3317,132.2111,52.79,35,100,13.82
104,Shimoda,JP,2022-05-07 04:17:27,34.6667,138.95,70.16,79,84,11.5
105,Georgetown,MY,2022-05-07 04:17:27,5.4112,100.3354,89.55,71,40,8.05
106,Satis,RU,2022-05-07 04:17:28,54.9229,43.2298,44.65,57,9,7.05
107,Torbay,CA,2022-05-07 04:17:28,47.6666,-52.7314,34.75,90,100,10.36
108,Maldonado,UY,2022-05-07 04:17:28,-34.6667,-54.9167,51.19,88,0,3.8
109,Barrow,US,2022-05-07 04:17:29,71.2906,-156.7887,21.22,93,100,19.57
110,Grand Gaube,MU,2022-05-07 04:14:09,-20.0064,57.6608,79.38,64,0,8.99
111,Guerrero Negro,MX,2022-05-07 04:17:29,27.9769,-114.0611,60.87,86,1,12.08
112,Puerto Escondido,MX,2022-05-07 04:17:29,15.85,-97.0667,81.27,63,2,2.37
113,Noumea,NC,2022-05-07 04:17:30,-22.2763,166.4572,82.0,99,28,16.71
114,Tasiilaq,GL,2022-05-07 04:17:30,65.6145,-37.6368,24.96,60,88,4.94
115,Walvis Bay,NA,2022-05-07 04:17:30,-22.9575,14.5053,56.08,100,0,8.05
116,Kaitangata,NZ,2022-05-07 04:17:31,-46.2817,169.8464,61.99,69,100,3.56
117,Tiksi,RU,2022-05-07 04:17:31,71.6872,128.8694,18.16,82,10,18.63
118,Phonhong,LA,2022-05-07 04:17:32,18.5007,102.4166,78.26,81,97,0.94
119,Arlit,NE,2022-05-07 04:17:32,18.7369,7.3853,91.45,16,100,15.28
120,Lorengau,PG,2022-05-07 04:17:33,-2.0226,147.2712,83.88,80,62,9.73
121,Westport,US,2022-05-07 04:16:30,41.1415,-73.3579,52.27,95,100,6.91
122,Yantongshan,CN,2022-05-07 04:17:33,43.2919,126.0094,56.5,21,55,17.54
123,Ambilobe,MG,2022-05-07 04:17:33,-13.2,49.05,73.02,83,1,2.53
124,Husavik,IS,2022-05-07 04:17:34,66.0449,-17.3389,34.57,74,100,11.39
125,Manaus,BR,2022-05-07 04:14:23,-3.1019,-60.025,77.49,94,40,3.44
126,Upernavik,GL,2022-05-07 04:17:34,72.7868,-56.1549,2.43,83,4,5.93
127,Uyar,RU,2022-05-07 04:17:35,55.81,94.3153,64.8,41,100,21.39
128,Yuzhno-Kurilsk,RU,2022-05-07 04:17:35,44.0306,145.8556,50.11,85,47,16.13
129,Hobart,AU,2022-05-07 04:17:35,-42.8794,147.3294,53.46,91,75,20.71
130,Berlevag,NO,2022-05-07 04:17:36,70.8578,29.0864,39.0,96,100,15.12
131,Bambous Virieux,MU,2022-05-07 04:17:36,-20.3428,57.7575,79.21,83,40,11.5
132,Opotiki,NZ,2022-05-07 04:17:36,-38.0833,177.2833,62.53,59,0,3.13
133,Marshall,US,2022-05-07 04:17:37,34.3834,-86.3333,62.91,87,100,9.22
134,Shingu,JP,2022-05-07 04:17:37,33.7333,135.9833,69.62,74,84,7.54
135,Kawalu,ID,2022-05-07 04:18:37,-7.3817,108.2082,85.39,68,94,4.09
136,Sisophon,KH,2022-05-07 04:18:38,13.5859,102.9737,88.75,61,98,8.1
137,Bonavista,CA,2022-05-07 04:18:38,48.6499,-53.1147,32.54,81,80,17.25
138,Cherskiy,RU,2022-05-07 04:18:39,68.75,161.3,32.79,100,100,2.48
139,Ilave,PE,2022-05-07 04:18:39,-16.0833,-69.6667,37.27,69,0,3.69
140,Lagoa,PT,2022-05-07 04:18:39,39.05,-27.9833,59.52,70,39,5.03
141,Shimanovsk,RU,2022-05-07 04:18:40,52.0,127.7,51.53,19,24,13.82
142,Ariquemes,BR,2022-05-07 04:18:40,-9.9133,-63.0408,72.25,89,0,3.0
143,Lebu,CL,2022-05-07 04:18:41,-37.6167,-73.65,51.48,93,69,7.38
144,Maua,BR,2022-05-07 04:18:41,-23.6678,-46.4614,61.09,86,10,3.74
145,Vila Velha,BR,2022-05-07 04:18:41,-20.3297,-40.2925,75.15,78,75,10.36
146,Isangel,VU,2022-05-07 04:18:42,-19.55,169.2667,79.09,68,8,18.14
147,Vilyuysk,RU,2022-05-07 04:18:42,63.7553,121.6247,41.61,75,100,6.04
148,Wanning,CN,2022-05-07 04:18:42,18.8003,110.3967,80.06,88,84,9.1
149,Aksu,CN,2022-05-07 04:18:43,41.1231,80.2644,79.66,25,60,2.62
150,Tuatapere,NZ,2022-05-07 04:18:43,-46.1333,167.6833,62.02,67,100,7.56
151,Luganville,VU,2022-05-07 04:18:43,-15.5333,167.1667,82.65,66,8,9.24
152,Mabini,PH,2022-05-07 04:18:44,15.6,120.9833,99.75,32,22,8.86
153,Pevek,RU,2022-05-07 04:18:44,69.7008,170.3133,29.5,95,100,4.68
154,Manggar,ID,2022-05-07 04:18:45,-2.8833,108.2667,86.94,68,79,7.18
155,Namatanai,PG,2022-05-07 04:18:45,-3.6667,152.4333,85.1,70,49,10.45
156,Vao,NC,2022-05-07 04:18:45,-22.6667,167.4833,75.36,70,41,21.54
157,Mount Gambier,AU,2022-05-07 04:18:49,-37.8333,140.7667,58.91,67,75,17.27
158,Ingham,US,2022-05-07 04:17:12,42.6,-84.3833,53.78,63,0,9.22
159,Saint-Francois,FR,2022-05-07 04:18:49,46.4154,3.9054,42.67,100,40,2.3
160,Vestmannaeyjar,IS,2022-05-07 04:18:50,63.4427,-20.2734,41.77,64,99,10.98
161,Quelimane,MZ,2022-05-07 04:18:50,-17.8786,36.8883,67.95,94,20,0.0
162,Iqaluit,CA,2022-05-07 04:18:51,63.7506,-68.5145,10.13,79,20,12.66
163,Narsaq,GL,2022-05-07 04:18:51,60.9167,-46.05,37.62,94,100,5.97
164,Bluff,NZ,2022-05-07 04:18:51,-46.6,168.3333,60.8,70,100,12.77
165,Viedma,AR,2022-05-07 04:18:52,-40.8135,-62.9967,57.54,49,77,9.71
166,Suez,EG,2022-05-07 04:18:52,29.9737,32.5263,60.49,60,1,5.28
167,Jaltepec,MX,2022-05-07 04:18:53,19.7333,-98.6333,57.61,73,95,5.48
168,Nioro,GM,2022-05-07 04:18:53,13.35,-15.75,81.12,29,13,3.4
169,Harper,LR,2022-05-07 04:18:53,4.375,-7.7169,79.61,87,97,7.54
170,Geraldton,AU,2022-05-07 04:14:05,-28.7667,114.6,81.01,26,0,10.36
171,Pisco,PE,2022-05-07 04:18:54,-13.7,-76.2167,62.65,88,0,0.0
172,Bathsheba,BB,2022-05-07 04:18:54,13.2167,-59.5167,79.41,83,40,12.66
173,Katangli,RU,2022-05-07 04:18:55,51.7102,143.2326,39.38,89,25,9.4
174,Hithadhoo,MV,2022-05-07 04:18:55,-0.6,73.0833,83.77,76,50,13.96
175,East London,ZA,2022-05-07 04:18:55,-33.0153,27.9116,65.34,77,20,10.36
176,Mana,GF,2022-05-07 04:18:56,5.6592,-53.7767,75.51,94,100,5.23
177,Hofn,IS,2022-05-07 04:18:56,64.2539,-15.2082,39.9,51,100,5.95
178,College,US,2022-05-07 04:14:25,64.8569,-147.8028,50.07,81,75,4.61
179,Noyabrsk,RU,2022-05-07 04:14:09,63.1994,75.4507,19.35,88,100,27.87
180,Riyadh,SA,2022-05-07 04:15:13,24.6877,46.7219,80.74,30,41,7.23
181,Aberdeen,GB,2022-05-07 04:19:57,57.1437,-2.0981,45.66,86,85,8.05
182,Ballina,AU,2022-05-07 04:19:57,-28.8667,153.5667,69.76,84,100,10.36
183,Morondava,MG,2022-05-07 04:19:58,-20.2833,44.2833,73.24,83,94,4.41
184,Saldanha,ZA,2022-05-07 04:19:58,-33.0117,17.9442,59.13,73,94,19.91
185,Simimbaan,PH,2022-05-07 04:19:58,17.1157,121.5824,91.26,49,76,5.23
186,Koumac,NC,2022-05-07 04:19:59,-20.5667,164.2833,81.09,59,46,9.64
187,Kodiak,US,2022-05-07 04:18:31,57.79,-152.4072,44.11,76,100,6.91
188,Caravelas,BR,2022-05-07 04:19:59,-17.7125,-39.2481,73.33,88,100,0.6
189,Dwarka,IN,2022-05-07 04:19:59,22.2394,68.9678,84.85,63,0,15.03
190,Atar,MR,2022-05-07 04:20:00,20.5169,-13.0499,80.6,14,0,8.48
191,Saskylakh,RU,2022-05-07 04:20:00,71.9167,114.0833,17.04,86,93,20.74
192,Revda,RU,2022-05-07 04:20:01,56.801,59.9303,42.8,52,4,10.11
193,Guaraniacu,BR,2022-05-07 04:20:01,-25.1008,-52.8781,52.56,94,39,2.15
194,Ylivieska,FI,2022-05-07 04:20:02,64.0833,24.55,46.89,77,91,7.47
195,Homer,US,2022-05-07 04:19:36,59.6425,-151.5483,46.27,73,75,11.5
196,Sorong,ID,2022-05-07 04:15:19,-0.8833,131.25,85.01,72,72,6.85
197,Yichang,CN,2022-05-07 04:20:02,30.7144,111.2847,80.06,58,99,8.48
198,Warmbad,NA,2022-05-07 04:20:03,-28.45,18.7333,49.73,90,6,8.9
199,Clyde River,CA,2022-05-07 04:15:09,70.4692,-68.5914,-0.17,85,0,2.3
200,Kupang,ID,2022-05-07 04:20:03,-10.1667,123.5833,86.43,67,69,14.88
201,Ust-Nera,RU,2022-05-07 04:20:04,64.5667,143.2,33.62,77,100,5.44
202,Cockburn Town,TC,2022-05-07 04:20:04,21.4612,-71.1419,78.28,80,1,14.67
203,Batagay,RU,2022-05-07 04:20:04,67.6333,134.6333,31.48,89,100,4.99
204,Kaeo,NZ,2022-05-07 04:16:03,-35.1,173.7833,66.33,76,57,7.16
205,Port Hedland,AU,2022-05-07 04:20:05,-20.3167,118.5667,87.85,30,0,16.11
206,Artsyz,UA,2022-05-07 04:20:05,45.9919,29.4182,50.22,57,23,3.69
207,Havelock,US,2022-05-07 04:20:06,34.8791,-76.9013,75.18,88,100,13.8
208,Itigi,TZ,2022-05-07 04:20:06,-5.7,34.4833,59.07,93,34,7.47
209,Sao Felix Do Xingu,BR,2022-05-07 04:20:07,-6.6447,-51.995,71.02,98,36,1.54
210,Capoterra,IT,2022-05-07 04:20:07,39.1763,8.9718,60.51,86,75,9.22
211,Necochea,AR,2022-05-07 04:18:26,-38.5473,-58.7368,55.0,80,70,8.14
212,Tiznit,MA,2022-05-07 04:20:07,29.5833,-9.5,70.72,20,95,4.21
213,Souillac,MU,2022-05-07 04:20:08,-20.5167,57.5167,75.58,83,40,11.5
214,Marzuq,YE,2022-05-07 04:20:08,14.4,46.4667,77.92,26,0,4.68
215,Nikolskoye,RU,2022-05-07 04:20:09,59.7035,30.7861,51.87,86,29,7.11
216,Orito,CO,2022-05-07 04:20:09,0.6766,-76.8771,70.5,96,87,2.44
217,Pouembout,NC,2022-05-07 04:20:10,-21.1333,164.9,79.59,60,51,8.59
218,Batsfjord,NO,2022-05-07 04:20:10,70.6345,29.7185,38.98,87,75,20.71
219,Qaanaaq,GL,2022-05-07 04:20:10,77.484,-69.3632,11.89,81,100,3.2
220,Booue,GA,2022-05-07 04:20:11,-0.0921,11.9385,73.22,99,100,1.95
221,Severo-Kurilsk,RU,2022-05-07 04:20:11,50.6789,156.125,43.97,87,93,6.4
222,Itarema,BR,2022-05-07 04:20:12,-2.9248,-39.9167,76.12,89,99,8.75
223,Hidalgotitlan,MX,2022-05-07 04:20:12,17.7833,-94.6333,82.62,69,0,2.89
224,Manokwari,ID,2022-05-07 04:21:13,-0.8667,134.0833,84.07,73,83,7.29
225,Sarangani,PH,2022-05-07 04:21:13,5.4033,125.4636,83.34,78,78,22.55
226,Taytayan,PH,2022-05-07 04:21:14,7.7339,126.5019,82.98,77,92,4.09
227,Sobolevo,RU,2022-05-07 04:21:14,54.4299,31.8996,47.1,78,100,9.6
228,Pacific Grove,US,2022-05-07 04:21:15,36.6177,-121.9166,61.81,88,20,5.75
229,Krivosheino,RU,2022-05-07 04:21:15,57.3431,83.9261,37.13,51,100,23.58
230,Ngunguru,NZ,2022-05-07 04:21:16,-35.6167,174.5,64.92,64,5,7.96
231,Belyy Yar,RU,2022-05-07 04:21:16,53.6039,91.3903,75.09,26,0,22.37
232,Victoria,HK,2022-05-07 04:21:08,22.2855,114.1577,82.45,84,100,4.0
233,Port Augusta,AU,2022-05-07 04:21:17,-32.5,137.7667,62.82,34,4,4.83
234,Camacha,PT,2022-05-07 04:21:17,33.0833,-16.3333,58.42,82,40,11.5
235,Jilin,CN,2022-05-07 04:21:17,43.0,126.0,55.51,22,60,17.76
236,Usman,RU,2022-05-07 04:21:18,52.0466,39.7288,44.64,59,6,4.47
237,Bonthe,SL,2022-05-07 04:21:18,7.5264,-12.505,79.95,88,50,3.87
238,Destin,US,2022-05-07 04:21:18,30.3935,-86.4958,77.0,88,0,6.91
239,Yar-Sale,RU,2022-05-07 04:21:19,66.8333,70.8333,12.85,82,15,7.85
240,Palmer,US,2022-05-07 04:21:19,42.1584,-72.3287,54.01,81,100,4.61
241,Qasigiannguit,GL,2022-05-07 04:21:20,68.8193,-51.1922,4.19,86,12,6.6
242,Comodoro Rivadavia,AR,2022-05-07 04:21:20,-45.8667,-67.5,60.66,41,0,13.8
243,Balkanabat,TM,2022-05-07 04:21:20,39.5108,54.3671,65.23,78,95,6.29
244,Pocone,BR,2022-05-07 04:21:21,-16.2567,-56.6228,62.82,56,0,2.33
245,Santiago,CL,2022-05-07 04:19:27,-33.4569,-70.6483,62.17,62,0,0.0
246,Maltahohe,NA,2022-05-07 04:21:21,-24.8333,16.9833,49.89,43,22,4.59
247,Saint Anthony,US,2022-05-07 04:21:22,45.0205,-93.218,59.76,50,0,5.75
248,Constitucion,CL,2022-05-07 04:21:22,-35.3333,-72.4167,54.05,82,8,8.01
249,Kajaani,FI,2022-05-07 04:21:22,64.2273,27.7285,46.45,71,0,12.66
250,Esperance,AU,2022-05-07 04:21:23,-33.8667,121.9,69.64,39,0,8.03
251,Iroquois Falls,CA,2022-05-07 04:21:23,48.7669,-80.6831,32.02,63,0,5.97
252,Lompoc,US,2022-05-07 04:21:24,34.6391,-120.4579,57.94,89,100,28.99
253,Louis Trichardt,ZA,2022-05-07 04:21:24,-23.0439,29.9032,57.69,46,0,1.32
254,Seguela,CI,2022-05-07 04:21:24,7.9611,-6.6731,75.11,88,67,5.7
255,Port Elizabeth,ZA,2022-05-07 04:21:25,-33.918,25.5701,62.89,93,75,8.05
256,San Luis,AR,2022-05-07 04:17:47,-33.295,-66.3356,54.05,55,38,4.74
257,Barabinsk,RU,2022-05-07 04:21:25,55.3571,78.357,41.49,26,4,22.03
258,Staryy Nadym,RU,2022-05-07 04:21:24,65.6118,72.6842,18.36,83,60,16.15
259,Avera,US,2022-05-07 04:21:26,33.194,-82.5271,69.85,49,0,13.09
260,Aljezur,PT,2022-05-07 04:21:26,37.3191,-8.8033,57.76,63,58,7.2
261,Umba,RU,2022-05-07 04:21:26,66.6871,34.3429,37.98,87,63,9.71
262,Belmonte,BR,2022-05-07 04:21:27,-15.8631,-38.8828,75.63,82,81,6.42
263,Killybegs,IE,2022-05-07 04:21:27,54.6333,-8.45,48.61,96,26,2.95
264,Pilar,BR,2022-05-07 04:21:28,-9.5972,-35.9567,73.33,92,25,1.25
265,Sosua,DO,2022-05-07 04:21:28,19.7667,-70.5167,73.38,88,16,4.56
266,Igarka,RU,2022-05-07 04:21:28,67.4667,86.5833,26.19,80,100,19.95
267,Bethel,US,2022-05-07 04:21:29,41.3712,-73.414,51.91,92,100,8.05
268,Brive-La-Gaillarde,FR,2022-05-07 04:21:29,45.25,1.5,48.27,29,68,2.66
269,Nishihara,JP,2022-05-07 04:21:30,26.1842,127.7558,83.48,74,75,11.5
270,Susehri,TR,2022-05-07 04:21:30,40.1644,38.0867,42.35,94,100,4.41
271,San Jose,US,2022-05-07 04:19:07,37.3394,-121.895,64.76,73,75,11.5
272,A Coruna,ES,2022-05-07 04:22:31,43.3713,-8.396,53.89,83,0,4.61
273,Bitam,GA,2022-05-07 04:22:31,2.076,11.5007,68.16,99,100,2.21
274,Puerto Lempira,HN,2022-05-07 04:22:32,15.2667,-83.7667,77.11,90,72,7.65
275,Coruripe,BR,2022-05-07 04:22:32,-10.1256,-36.1756,76.12,82,23,6.26
276,Amapa,BR,2022-05-07 04:22:33,1.0,-52.0,71.62,99,100,1.14
277,Stornoway,GB,2022-05-07 04:22:33,58.2093,-6.3865,37.36,93,40,1.14
278,Tura,IN,2022-05-07 04:22:34,25.5198,90.2201,86.29,53,9,1.14
279,Tongren,CN,2022-05-07 04:22:34,27.7172,109.1853,71.1,88,100,1.7
280,Gizo,SB,2022-05-07 04:22:35,-8.103,156.8419,85.55,68,100,3.6
281,Letlhakane,BW,2022-05-07 04:22:35,-21.4167,25.5833,60.58,44,1,6.42
282,Quatre Cocos,MU,2022-05-07 04:22:36,-20.2078,57.7625,79.09,67,3,15.37
283,Redcliffe,AU,2022-05-07 04:22:36,-27.2307,153.0973,75.15,69,75,0.0
284,Benemerito De Las Americas,MX,2022-05-07 04:22:37,16.5167,-90.6439,75.42,94,75,0.96
285,Sungairaya,ID,2022-05-07 04:22:38,0.7,108.9,86.81,65,92,2.39
286,Vanimo,PG,2022-05-07 04:22:38,-2.6741,141.3028,85.15,74,61,9.15
287,Saint-Philippe,RE,2022-05-07 04:22:39,-21.3585,55.7679,74.79,83,47,12.1
288,Pondicherry,IN,2022-05-07 04:22:40,11.93,79.83,84.58,70,40,5.75
289,Amberley,US,2022-05-07 04:22:40,39.2048,-84.428,55.54,93,100,10.36
290,Khatanga,RU,2022-05-07 04:22:41,71.9667,102.5,15.78,86,94,17.29
291,Meulaboh,ID,2022-05-07 04:22:42,4.1363,96.1285,80.73,82,100,7.47
292,Yulara,AU,2022-05-07 04:22:42,-25.2406,130.9889,64.24,27,0,13.8
293,Shache,CN,2022-05-07 04:22:43,38.4167,77.2406,79.23,24,100,19.13
294,Biala Podlaska,PL,2022-05-07 04:22:43,52.0324,23.1165,47.55,94,6,4.79
295,Baherden,TM,2022-05-07 04:22:44,38.4362,57.4316,73.13,62,76,6.69
296,Katsuura,JP,2022-05-07 04:22:44,35.1333,140.3,65.53,88,80,13.11
297,Mayo,US,2022-05-07 04:22:45,38.8876,-76.5119,53.98,93,100,13.8
298,Mehamn,NO,2022-05-07 04:22:45,71.0357,27.8492,39.38,95,100,11.48
299,Kamenka,RU,2022-05-07 04:22:46,51.3223,42.7678,44.83,54,0,7.2
300,Abonnema,NG,2022-05-07 04:22:46,4.7084,6.7931,76.44,88,96,2.08
301,Winslow,US,2022-05-07 04:22:47,35.0242,-110.6974,71.78,14,0,13.8
302,Zabol,AF,2022-05-07 04:22:47,32.25,67.25,75.51,13,0,3.44
303,Fuxin,CN,2022-05-07 04:22:47,42.0156,121.6589,61.32,10,13,13.73
304,Road Town,VG,2022-05-07 04:22:48,18.4167,-64.6167,77.09,74,32,16.71
305,Lata,PT,2022-05-07 04:22:48,40.1629,-8.3327,54.07,71,42,3.74
306,Talnakh,RU,2022-05-07 04:22:49,69.4865,88.3972,20.21,82,100,11.03
307,Jumla,NP,2022-05-07 04:22:49,29.2747,82.1838,64.85,52,11,5.84
308,Ukiah,US,2022-05-07 04:20:18,39.1502,-123.2078,58.37,76,40,6.91
309,Marfino,RU,2022-05-07 04:22:50,55.7028,37.3822,51.94,41,0,6.71
310,Korla,CN,2022-05-07 04:22:50,41.7597,86.1469,78.93,27,2,2.8
311,Meadow Lake,US,2022-05-07 04:22:50,34.8014,-106.5436,73.13,18,7,4.21
312,Margate,GB,2022-05-07 04:22:51,51.3813,1.3862,54.88,84,100,3.0
313,Silver City,US,2022-05-07 04:22:51,32.7701,-108.2803,67.03,9,0,11.5
314,Koslan,RU,2022-05-07 04:23:52,63.4564,48.8989,43.21,88,62,9.04
315,Iralaya,HN,2022-05-07 04:23:52,15.0,-83.2333,79.77,84,41,10.6
316,Ponta Delgada,PT,2022-05-07 04:23:47,37.7333,-25.6667,64.51,94,75,4.61
317,Mnogovershinnyy,RU,2022-05-07 04:23:52,53.9353,139.9242,35.56,94,62,10.11
318,Cabo San Lucas,MX,2022-05-07 04:23:53,22.8909,-109.9124,74.52,69,0,12.48
319,Deputatskiy,RU,2022-05-07 04:23:53,69.3,139.9,27.18,80,88,3.13
320,Fort Nelson,CA,2022-05-07 04:23:53,58.8053,-122.7002,45.99,61,100,14.97
321,Sibenik,HR,2022-05-07 04:23:54,43.7272,15.9058,59.38,78,100,6.51
322,North Bend,US,2022-05-07 04:23:54,43.4065,-124.2243,52.92,96,100,11.5
323,Gondanglegi,ID,2022-05-07 04:23:55,-7.7479,112.0132,87.46,68,98,5.1
324,Kindu,CD,2022-05-07 04:23:55,-2.95,25.95,67.86,99,100,0.92
325,Black River,JM,2022-05-07 04:23:55,18.0264,-77.8487,76.73,82,2,3.96
326,Mount Isa,AU,2022-05-07 04:23:56,-20.7333,139.5,78.57,27,0,13.8
327,Antalya,TR,2022-05-07 04:23:56,36.7741,30.7178,64.09,44,0,14.97
328,Petrokhorion,GR,2022-05-07 04:23:56,41.1167,24.8333,55.92,75,25,4.52
329,Santa Isabel Do Rio Negro,BR,2022-05-07 04:23:57,-0.4139,-65.0192,73.27,100,100,2.71
330,Airai,TL,2022-05-07 04:23:57,-8.9266,125.4092,69.28,80,75,4.03
331,Sabang,ID,2022-05-07 04:23:58,5.8933,95.3214,83.35,73,100,18.28
332,Haileybury,CA,2022-05-07 04:23:58,47.449,-79.6373,37.98,60,0,5.37
333,Macon,US,2022-05-07 04:23:58,39.8667,-88.9668,52.88,93,100,21.85
334,Eyl,SO,2022-05-07 04:23:59,7.9803,49.8164,82.83,78,39,9.57
335,Mantua,IT,2022-05-07 04:23:59,45.1667,10.7833,54.99,90,100,1.01
336,Yuci,CN,2022-05-07 04:23:59,37.6803,112.7319,53.35,43,40,20.13
337,Paraiso,CR,2022-05-07 04:24:00,9.8383,-83.8656,68.88,100,87,0.74
338,San Ignacio,BZ,2022-05-07 04:24:00,17.1561,-89.0714,82.54,83,0,6.91
339,Guadalupe Y Calvo,MX,2022-05-07 04:24:00,26.1,-106.9667,52.38,39,0,4.32
340,Porto Velho,BR,2022-05-07 04:22:41,-8.7619,-63.9039,78.85,83,0,3.44
341,Mbanza-Ngungu,CD,2022-05-07 04:24:01,-5.25,14.8667,67.23,97,97,2.89
342,Raudeberg,NO,2022-05-07 04:24:01,61.9875,5.1352,39.87,90,99,12.62
343,Garissa,KE,2022-05-07 04:24:02,-0.4536,39.6401,77.32,74,44,11.74
344,Karpogory,RU,2022-05-07 04:21:11,64.0019,44.4451,42.08,92,43,7.38
345,Flinders,AU,2022-05-07 04:24:02,-34.5833,150.8552,66.18,49,9,15.99
346,Oleksandrivka,UA,2022-05-07 04:24:02,48.9634,32.2349,46.49,69,65,6.58
347,Torbat-E Jam,IR,2022-05-07 04:24:03,35.244,60.6225,80.58,25,100,4.29
348,Springfield,US,2022-05-07 04:20:33,37.2153,-93.2982,55.98,91,0,4.61
349,Bela,IN,2022-05-07 04:24:03,25.9333,81.9833,97.0,26,0,5.14
350,Todos Santos,MX,2022-05-07 04:24:04,23.45,-110.2167,67.95,76,0,6.87
351,Cabedelo,BR,2022-05-07 04:24:04,-6.9811,-34.8339,77.67,86,87,12.12
352,Sidi Ali,DZ,2022-05-07 04:24:04,36.0998,0.4206,58.24,65,0,2.57
353,Matara,LK,2022-05-07 04:24:05,5.9485,80.5353,86.83,70,64,11.92
354,Gimli,CA,2022-05-07 04:24:05,50.6336,-96.9907,41.02,87,100,8.05
355,Haicheng,CN,2022-05-07 04:24:06,40.8516,122.7475,62.35,15,12,17.43
356,Jian,CN,2022-05-07 04:24:06,27.1172,114.9793,80.71,64,100,5.19
357,Samarai,PG,2022-05-07 04:24:06,-10.6167,150.6667,84.7,72,71,12.82
358,Porosozero,RU,2022-05-07 04:24:07,62.7191,32.727,45.73,83,93,8.88
359,Ghanzi,BW,2022-05-07 04:25:07,-21.5667,21.7833,59.05,37,2,6.17
360,Novyy Urgal,RU,2022-05-07 04:25:07,51.0736,132.5642,45.07,55,74,7.43
361,The Valley,AI,2022-05-07 04:25:08,18.217,-63.0578,78.82,73,35,18.43
362,Knyaze-Volkonskoye,RU,2022-05-07 04:25:08,48.4642,135.4567,57.54,32,100,8.28
363,Kavaratti,IN,2022-05-07 04:25:09,10.5669,72.642,85.08,72,88,15.21
364,Mosquera,CO,2022-05-07 04:25:09,4.7059,-74.2302,57.29,82,75,3.44
365,Mercedes,AR,2022-05-07 04:25:09,-34.6515,-59.4307,57.04,90,0,6.78
366,Houlton,US,2022-05-07 04:25:10,46.1262,-67.8403,35.62,84,0,0.0
367,Vidim,RU,2022-05-07 04:25:10,56.4088,103.1106,63.46,31,76,10.8
368,Huarmey,PE,2022-05-07 04:25:11,-10.0681,-78.1522,65.05,88,8,6.02
369,Gornopravdinsk,RU,2022-05-07 04:22:10,60.05,69.9,29.86,74,41,11.36
370,Pierre,US,2022-05-07 04:20:43,44.3683,-100.351,62.85,72,75,18.41
371,Luderitz,NA,2022-05-07 04:25:11,-26.6481,15.1594,55.96,88,0,16.98
372,Hirara,JP,2022-05-07 04:25:12,24.8,125.2833,82.26,78,75,6.91
373,Ligayan,PH,2022-05-07 04:25:12,4.6533,119.4706,84.29,75,100,5.3
374,Alofi,NU,2022-05-07 04:25:12,-19.0595,-169.9187,78.69,94,76,3.44
375,Hualmay,PE,2022-05-07 04:25:13,-11.0964,-77.6139,64.72,88,4,5.12
376,Kavieng,PG,2022-05-07 04:25:13,-2.5744,150.7967,85.6,65,58,13.13
377,Dimitrovgrad,RU,2022-05-07 04:20:33,54.2139,49.6184,46.94,54,9,4.32
378,Nagato,JP,2022-05-07 04:25:14,34.3833,131.2,71.2,74,70,13.58
379,Vilcun,CL,2022-05-07 04:25:14,-38.65,-72.2333,45.34,95,79,2.13
380,The Pas,CA,2022-05-07 04:25:14,53.8251,-101.2541,50.02,81,0,13.8
381,Iracoubo,GF,2022-05-07 04:25:15,5.4802,-53.2011,76.59,91,100,6.06
382,Labuhan,ID,2022-05-07 04:25:15,-6.8844,112.2051,86.9,69,72,4.34
383,Mattru,SL,2022-05-07 04:25:16,7.6244,-11.8332,75.79,95,28,0.85
384,Bereda,ES,2022-05-07 04:25:16,43.2686,-7.5406,47.41,98,36,2.55
385,Touros,BR,2022-05-07 04:25:16,-5.1989,-35.4608,75.87,92,89,10.27
386,Vilhena,BR,2022-05-07 04:25:17,-12.7406,-60.1458,65.61,74,0,3.04
387,Kongolo,CD,2022-05-07 04:25:17,-5.3833,27.0,68.09,91,99,2.15
388,Carinhanha,BR,2022-05-07 04:25:18,-14.3047,-43.765,80.11,51,90,9.04
389,Sur,OM,2022-05-07 04:25:18,22.5667,59.5289,88.11,43,0,6.4
390,Poya,NC,2022-05-07 04:25:18,-21.35,165.15,79.56,59,22,8.66
391,Amga,RU,2022-05-07 04:25:19,60.8953,131.9608,42.49,62,87,10.83
392,Juegang,CN,2022-05-07 04:25:19,32.3174,121.1855,76.98,84,87,13.6
393,Portland,US,2022-05-07 04:24:50,45.5234,-122.6762,52.63,90,100,7.0
394,Alekseyevsk,RU,2022-05-07 04:25:19,57.8406,108.3492,57.69,37,36,10.36
395,Ganzhou,CN,2022-05-07 04:25:20,28.8184,115.4327,80.08,64,100,2.35
396,Songea,TZ,2022-05-07 04:25:20,-10.6833,35.65,62.74,89,99,0.96
397,Kaseda,JP,2022-05-07 04:25:21,31.4167,130.3167,71.87,77,34,3.71
398,Yumen,CN,2022-05-07 04:25:21,40.2833,97.2,66.33,11,100,16.49
399,Saiha,IN,2022-05-07 04:25:22,22.4833,92.9667,90.9,38,20,3.15
400,Wainwright,CA,2022-05-07 04:25:22,52.839,-110.8572,45.34,89,100,4.79
401,Chara,RU,2022-05-07 04:25:22,56.9064,118.2631,43.34,48,21,4.79
402,Guadix,ES,2022-05-07 04:25:23,37.2993,-3.1392,54.3,38,6,3.6
403,Davila,PH,2022-05-07 04:25:23,18.4726,120.5763,89.58,66,85,5.68
404,Almeirim,BR,2022-05-07 04:25:23,-1.5233,-52.5817,73.44,98,100,2.39
405,Chipinge,ZW,2022-05-07 04:25:24,-20.1883,32.6236,55.2,65,0,2.77
406,Buin,CL,2022-05-07 04:26:24,-33.7333,-70.75,63.05,52,0,2.86
407,Egvekinot,RU,2022-05-07 04:26:25,66.3167,-179.1667,26.35,97,100,10.58
408,Vostok,RU,2022-05-07 04:26:25,46.4856,135.8833,41.45,83,100,4.23
409,Ayan,RU,2022-05-07 04:26:25,56.45,138.1667,41.14,56,100,11.88
410,Okhotsk,RU,2022-05-07 04:26:26,59.3833,143.3,37.11,77,100,8.68
411,Pyinmana,MM,2022-05-07 04:26:26,19.7333,96.2167,95.16,43,8,4.14
412,Oranjemund,NA,2022-05-07 04:26:26,-28.55,16.4333,57.0,90,100,15.1
413,Darhan,MN,2022-05-07 04:26:27,49.4867,105.9228,45.54,77,100,11.3
414,Kudahuvadhoo,MV,2022-05-07 04:26:27,2.6708,72.8944,84.2,76,90,13.8
415,San Rafael,AR,2022-05-07 04:26:28,-34.6177,-68.3301,58.59,42,0,8.93
416,Melo,UY,2022-05-07 04:26:28,-32.3667,-54.1833,54.46,88,8,1.83
417,Winneba,GH,2022-05-07 04:26:28,5.3511,-0.6231,75.52,85,99,4.09
418,San Patricio,US,2022-05-07 04:26:29,28.017,-97.5169,80.49,80,9,12.59
419,Santa Vitoria Do Palmar,BR,2022-05-07 04:26:29,-33.5189,-53.3681,56.28,88,0,3.51
420,La Ronge,CA,2022-05-07 04:26:29,55.1001,-105.2842,46.65,76,75,12.66
421,Melito Di Porto Salvo,IT,2022-05-07 04:26:30,37.9222,15.7714,62.15,82,56,3.44
422,Adrar,MR,2022-05-07 04:26:30,20.5022,-10.0711,79.77,14,0,9.42
423,Honiara,SB,2022-05-07 04:26:30,-9.4333,159.95,86.0,71,79,7.63
424,Norman Wells,CA,2022-05-07 04:26:31,65.282,-126.8329,42.84,56,100,4.61
425,Midland,US,2022-05-07 04:23:12,31.9974,-102.0779,81.63,10,0,0.0
426,San Andres,CO,2022-05-07 04:26:31,12.5847,-81.7006,82.42,83,40,8.05
427,Dryden,CA,2022-05-07 04:24:58,49.7833,-92.7503,52.09,37,0,14.97
428,Kysyl-Syr,RU,2022-05-07 04:26:32,63.8986,122.7617,39.29,80,100,6.73
429,Ulaangom,MN,2022-05-07 04:26:32,49.9811,92.0667,62.08,26,1,4.85
430,Fortuna,US,2022-05-07 04:26:32,40.5982,-124.1573,55.92,89,100,1.99
431,Folldal,NO,2022-05-07 04:26:33,62.1325,9.9968,33.4,92,96,5.97
432,Medeiros Neto,BR,2022-05-07 04:26:33,-17.3739,-40.2206,71.15,95,97,7.09
433,Ust-Tsilma,RU,2022-05-07 04:26:33,65.441,52.1498,36.55,97,100,5.95
434,Kattivakkam,IN,2022-05-07 04:26:34,13.2167,80.3167,91.49,73,44,7.02
435,Seynod,FR,2022-05-07 04:26:34,45.8855,6.0883,53.74,93,20,0.0
436,Brae,GB,2022-05-07 04:26:35,60.3964,-1.353,41.81,63,38,10.16
437,Mackay,AU,2022-05-07 04:26:35,-21.15,149.2,81.68,78,93,14.97
438,Bandarbeyla,SO,2022-05-07 04:26:35,9.4942,50.8122,83.57,76,37,14.25
439,Waipawa,NZ,2022-05-07 04:26:36,-41.4122,175.5153,63.55,60,0,4.59
440,Ouahigouya,BF,2022-05-07 04:26:36,13.5828,-2.4216,88.11,30,94,7.34
441,Montgomery,US,2022-05-07 04:21:53,39.1501,-77.1997,53.13,96,100,5.99
442,Asau,RO,2022-05-07 04:26:37,46.4333,26.4,47.32,69,94,2.98
443,Natal,BR,2022-05-07 04:26:12,-5.795,-35.2094,75.85,100,75,5.75
444,Coahuayana,MX,2022-05-07 04:26:37,18.7333,-103.6833,71.46,88,6,0.29
445,Christchurch,NZ,2022-05-07 04:25:31,-43.5333,172.6333,65.48,76,46,10.36
446,Haines Junction,CA,2022-05-07 04:26:38,60.7522,-137.5108,44.55,39,100,8.05
447,Dawlatabad,AF,2022-05-07 04:26:38,36.4141,64.9053,86.65,26,1,12.53
448,Broome,US,2022-05-07 04:26:38,42.2506,-75.833,52.63,90,40,6.91
449,Saint-Leu,RE,2022-05-07 04:26:39,-21.15,55.2833,75.31,71,56,1.3
450,Ahar,IR,2022-05-07 04:26:39,38.4774,47.0699,49.32,80,45,5.44
451,Murgab,TM,2022-05-07 04:26:39,37.4966,61.9714,84.07,42,0,9.22
452,Wenzhou,CN,2022-05-07 04:26:40,27.9994,120.6668,83.28,45,99,4.7
453,Tezu,IN,2022-05-07 04:27:40,27.9167,96.1667,91.45,39,5,4.81
454,Cap-Aux-Meules,CA,2022-05-07 04:27:40,47.3821,-61.8597,35.62,80,16,9.22
455,Grindavik,IS,2022-05-07 04:27:41,63.8424,-22.4338,39.67,75,75,11.5
456,Muzaffarabad,PK,2022-05-07 04:27:41,34.37,73.4711,84.02,34,0,2.71
457,Ghizela,RO,2022-05-07 04:27:42,45.8242,21.7372,54.61,89,100,4.43
458,Tazovskiy,RU,2022-05-07 04:27:42,67.4667,78.7,14.68,90,99,17.29
459,Takoradi,GH,2022-05-07 04:27:42,4.8845,-1.7554,77.18,85,100,4.27
460,Towada,JP,2022-05-07 04:27:43,40.6127,141.2067,78.48,38,86,7.81
461,Doha,QA,2022-05-07 04:27:43,25.2867,51.5333,88.11,58,97,11.5
462,Rocha,UY,2022-05-07 04:27:43,-34.4833,-54.3333,54.21,89,0,2.64
463,Kijang,KR,2022-05-07 04:27:44,35.2442,129.2139,80.33,47,77,6.08
464,Tautira,PF,2022-05-07 04:27:44,-17.7333,-149.15,81.03,77,34,4.99
465,Moldova Noua,RO,2022-05-07 04:27:44,44.7375,21.6669,51.84,74,100,7.05
466,Bolitoc,PH,2022-05-07 04:27:45,15.7395,119.8769,89.92,59,49,10.76
467,Kiruna,SE,2022-05-07 04:27:45,67.8557,20.2251,38.32,60,20,20.71
468,Vinnytsya,UA,2022-05-07 04:27:46,49.2328,28.481,47.55,65,100,6.91
469,Strathmore,CA,2022-05-07 04:27:46,51.0501,-113.3852,53.01,27,28,8.05
470,Zhigansk,RU,2022-05-07 04:27:46,66.7697,123.3711,28.92,61,84,7.96
471,Leningradskiy,RU,2022-05-07 04:27:47,69.3833,178.4167,24.3,94,100,6.04
472,Seminole,US,2022-05-07 04:27:47,28.7086,-81.2081,80.06,80,0,10.36
473,Upata,VE,2022-05-07 04:27:48,8.0086,-62.3989,74.19,93,100,1.72
474,Byron Bay,AU,2022-05-07 04:27:48,-28.65,153.6167,69.69,94,100,8.7
475,Merauke,ID,2022-05-07 04:27:48,-8.4667,140.3333,83.5,78,23,12.66
476,Pathein,MM,2022-05-07 04:27:49,16.7833,94.7333,88.02,59,99,10.76
477,Boca Do Acre,BR,2022-05-07 04:27:49,-8.7522,-67.3978,76.21,78,100,2.59
478,Wattegama,LK,2022-05-07 04:27:49,6.7989,81.4808,88.88,61,33,1.99
479,Williston,US,2022-05-07 04:27:23,48.147,-103.618,64.31,41,36,1.01
480,Pimentel,PE,2022-05-07 04:27:50,-6.8367,-79.9342,64.99,87,56,12.19
481,Hearst,CA,2022-05-07 04:27:50,49.6835,-83.6665,35.85,64,38,5.19
482,Kortenaken,BE,2022-05-07 04:27:50,50.9004,5.051,54.75,86,100,4.61
483,Lucapa,AO,2022-05-07 04:27:51,-8.4192,20.7447,67.08,80,99,1.79
484,Adre,TD,2022-05-07 04:27:51,13.4667,22.2,77.68,15,36,11.72
485,Suba,PH,2022-05-07 04:27:52,10.8438,121.0102,85.26,67,23,3.62
486,San Francisco,US,2022-05-07 04:27:08,37.7749,-122.4194,62.76,92,100,10.36
487,Houma,US,2022-05-07 04:27:52,29.5958,-90.7195,75.2,91,0,4.61
488,Beringovskiy,RU,2022-05-07 04:27:52,63.05,179.3167,34.21,86,84,5.17
489,Kachug,RU,2022-05-07 04:27:53,53.9606,105.8817,61.97,27,24,4.16
490,Lufilufi,WS,2022-05-07 04:27:53,-13.8745,-171.5986,87.58,73,15,7.43
491,Kilindoni,TZ,2022-05-07 04:27:53,-7.9139,39.6668,79.81,77,65,15.7
492,Changli,CN,2022-05-07 04:27:54,39.7042,119.1506,63.45,18,99,8.46
493,Fort-Shevchenko,KZ,2022-05-07 04:27:54,44.5086,50.263,56.41,74,82,23.29
494,Sangar,RU,2022-05-07 04:27:55,63.9242,127.4739,34.48,94,99,8.23
495,Mehriz,IR,2022-05-07 04:27:55,31.5917,54.4318,68.5,25,82,8.1
496,Ashington,GB,2022-05-07 04:27:55,50.9331,-0.3909,55.62,86,99,4.47
497,Urumqi,CN,2022-05-07 04:27:56,43.801,87.6005,67.15,60,0,4.47
498,Innisfail,AU,2022-05-07 04:27:56,-17.5333,146.0333,81.03,74,89,9.75
499,Lamu,KE,2022-05-07 04:27:56,-2.2717,40.902,73.62,84,84,13.73
500,Henderson,US,2022-05-07 04:23:07,36.0397,-114.9819,92.64,12,0,18.41
501,Yerbogachen,RU,2022-05-07 04:27:57,61.2767,108.0108,52.07,56,69,11.65
502,Maralal,KE,2022-05-07 04:28:57,1.0968,36.698,58.3,85,64,3.6
503,Teguise,ES,2022-05-07 04:28:58,29.0605,-13.564,62.82,77,0,14.97
504,Matay,EG,2022-05-07 04:28:58,28.419,30.7792,62.01,53,10,6.4
505,Najran,SA,2022-05-07 04:28:58,17.4924,44.1277,77.65,34,28,2.44
506,Dilla,ET,2022-05-07 04:28:59,6.41,38.31,63.57,81,88,2.93
507,Kloulklubed,PW,2022-05-07 04:28:59,7.0419,134.2556,82.9,80,84,17.36
508,Sinnamary,GF,2022-05-07 04:28:59,5.3833,-52.95,77.09,89,100,6.98
509,Ucluelet,CA,2022-05-07 04:24:54,48.9329,-125.5528,49.08,82,100,7.2
510,Ciudad Bolivar,VE,2022-05-07 04:29:00,8.1222,-63.5497,76.68,85,100,3.87
511,Tucuman,AR,2022-05-07 04:27:12,-26.8241,-65.2226,55.4,94,49,6.91
512,Cairns,AU,2022-05-07 04:29:00,-16.9167,145.7667,91.06,67,59,16.11
513,Guilin,CN,2022-05-07 04:29:01,25.2819,110.2864,69.91,85,99,1.99
514,Kristiinankaupunki,FI,2022-05-07 04:29:01,62.2743,21.376,42.12,88,100,13.82
515,Aklavik,CA,2022-05-07 04:29:02,68.2191,-135.0107,31.19,86,100,4.99
516,Rawson,AR,2022-05-07 04:29:02,-43.3002,-65.1023,62.4,43,88,18.7
517,Namibe,AO,2022-05-07 04:26:20,-15.1961,12.1522,73.63,67,0,3.67
518,Pangnirtung,CA,2022-05-07 04:29:02,66.1451,-65.7125,7.79,89,95,6.26
519,Colares,PT,2022-05-07 04:29:03,38.7992,-9.4469,61.79,60,94,11.99
520,Birigui,BR,2022-05-07 04:29:03,-21.2886,-50.34,57.04,85,0,8.08
521,Mamlyutka,KZ,2022-05-07 04:29:04,54.9375,68.5394,44.62,42,1,15.86
522,Broken Hill,AU,2022-05-07 04:24:23,-31.95,141.4333,60.51,41,15,10.36
523,Lerwick,GB,2022-05-07 04:29:04,60.1545,-1.1494,37.4,67,13,10.11
524,Tual,ID,2022-05-07 04:29:04,-5.6667,132.75,85.33,70,92,19.08
525,Flin Flon,CA,2022-05-07 04:24:54,54.7682,-101.865,48.65,92,94,12.8
526,Lozova,UA,2022-05-07 04:25:31,48.8894,36.3176,45.32,56,3,8.57
527,Mozelos,PT,2022-05-07 04:29:05,41.8677,-8.3978,57.88,63,7,4.59
528,Port Macquarie,AU,2022-05-07 04:29:05,-31.4333,152.9167,65.89,71,99,5.08
529,Srandakan,ID,2022-05-07 04:29:06,-7.9386,110.2506,87.03,69,80,9.19
530,Pitimbu,BR,2022-05-07 04:29:06,-7.4706,-34.8086,73.99,86,43,11.14
531,Mpika,ZM,2022-05-07 04:29:06,-11.8343,31.4529,55.74,97,39,4.72
532,Beira,MZ,2022-05-07 04:26:56,-19.8436,34.8389,64.49,94,20,3.44
533,Selikhino,RU,2022-05-07 04:29:07,50.3672,137.4996,52.25,42,58,5.14
534,Bilibino,RU,2022-05-07 04:29:07,68.0546,166.4372,33.58,98,100,5.39
535,Salto,UY,2022-05-07 04:29:08,-31.3833,-57.9667,56.88,100,93,4.65
536,Kenai,US,2022-05-07 04:29:08,60.5544,-151.2583,50.09,81,0,11.5
537,Miles City,US,2022-05-07 04:29:08,46.4083,-105.8406,61.77,48,0,8.05
538,Tocopilla,CL,2022-05-07 04:29:09,-22.092,-70.1979,63.0,80,14,7.0
539,Bastrop,US,2022-05-07 04:27:40,32.7562,-91.8724,64.08,92,0,6.6
540,Kisangani,CD,2022-05-07 04:29:09,0.5167,25.2,67.78,99,75,0.87
541,Kemlya,RU,2022-05-07 04:29:10,54.6963,45.2424,44.69,54,7,6.91
542,Mahajanga,MG,2022-05-07 04:29:11,-15.7167,46.3167,73.42,94,20,3.44
543,Acapulco,MX,2022-05-07 04:24:59,16.8634,-99.8901,78.62,83,75,5.75
544,Paranapanema,BR,2022-05-07 04:29:11,-23.3886,-48.7228,53.02,98,7,6.26
545,Peniche,PT,2022-05-07 04:29:12,39.3558,-9.3811,53.46,95,84,4.21
546,Awbari,LY,2022-05-07 04:29:12,26.5921,12.7805,73.09,22,100,7.85
547,Kabul,AF,2022-05-07 04:29:12,34.5,69.4167,69.62,24,0,5.12
548,Placido De Castro,BR,2022-05-07 04:30:13,-10.3353,-67.1856,70.3,82,8,2.28
549,Ardakan,IR,2022-05-07 04:28:17,32.31,54.0175,75.58,29,81,5.93
550,Seddon,AU,2022-05-07 04:30:13,-37.8068,144.8916,60.08,78,75,23.02
551,Pochutla,MX,2022-05-07 04:30:14,15.7432,-96.4661,78.82,65,0,1.57
552,Cayenne,GF,2022-05-07 04:26:14,4.9333,-52.3333,77.09,1,75,0.0
553,Camabatela,AO,2022-05-07 04:30:14,-8.1881,15.375,62.49,82,92,1.86
554,Okha,RU,2022-05-07 04:30:15,53.5739,142.9478,37.56,85,70,12.88
555,Mandali,IQ,2022-05-07 04:30:15,33.7499,45.5541,77.95,18,0,8.66
556,Prince Rupert,CA,2022-05-07 04:25:35,54.3161,-130.3201,46.09,74,0,13.8
557,Shetpe,KZ,2022-05-07 04:30:16,44.1667,52.1167,58.51,74,100,18.32
558,Santa Marta,CO,2022-05-07 04:30:16,11.2408,-74.199,80.89,82,40,6.91
559,Buenos Aires,AR,2022-05-07 04:26:50,-34.6132,-58.3772,64.13,89,0,8.05
560,Uribia,CO,2022-05-07 04:30:17,11.7139,-72.266,80.37,75,99,10.65
561,Snyder,US,2022-05-07 04:30:17,32.7179,-100.9176,75.54,22,0,6.91
562,Ketchikan,US,2022-05-07 04:30:18,55.3422,-131.6461,46.38,76,40,5.75
563,Ust-Maya,RU,2022-05-07 04:30:18,60.4167,134.5333,44.55,53,100,11.79
564,Bonfim,BR,2022-05-07 04:30:19,3.0833,-59.95,78.22,83,100,2.19
565,Ewa Beach,US,2022-05-07 04:30:19,21.3156,-158.0072,78.75,64,0,16.11
566,Quang Ngai,VN,2022-05-07 04:27:24,15.1167,108.8,85.93,66,100,4.29
567,Isa Khel,AF,2022-05-07 04:30:20,36.6702,68.8443,86.31,28,0,2.73
